{"R2": [-404502.70594980475, -312063.36629035557, -52940150750.18606], "MAPE": [103.44310760498047, 115.07025146484375, 8609722.0]}