{
    "OSNR": {
        "r2": -595.3005646662922,
        "mape": 3.976875066757202
    },
    "SNR": {
        "r2": -448.7703836937893,
        "mape": 4.386132717132568
    },
    "BER": {
        "r2": -116593.80570493932,
        "mape": 6103.28271484375
    }
}