{
    "OSNR": {
        "R2": -219765.0169141833,
        "MAPE": 7549.341796875,
        "Test_MAPE_Loss": 29477474.28
    },
    "SNR": {
        "R2": -164578.5019219355,
        "MAPE": 8271.3759765625,
        "Test_MAPE_Loss": 29477474.28
    },
    "BER": {
        "R2": -565231184.2388518,
        "MAPE": 88416592.0,
        "Test_MAPE_Loss": 29477474.28
    }
}