{
    "OSNR": {
        "r2": -399270.2629199848,
        "mape": 102.7707748413086
    },
    "SNR": {
        "r2": -304928.83560978086,
        "mape": 113.74638366699219
    },
    "BER": {
        "r2": -48560350870.27179,
        "mape": 8244939.5
    }
}