{
    "OSNR": {
        "R2": -829.105133400586,
        "MAPE": 466.06683349609375,
        "Test_MAPE_Loss": 44459213.56
    },
    "SNR": {
        "R2": -210.11146706554695,
        "MAPE": 295.1038818359375,
        "Test_MAPE_Loss": 44459213.56
    },
    "BER": {
        "R2": -1289948161.5492244,
        "MAPE": 133376928.0,
        "Test_MAPE_Loss": 44459213.56
    }
}