{
    "OSNR": {
        "R2": 0.9729506969451904,
        "Test_MSE": 0.25423237681388855
    },
    "SNR": {
        "R2": 0.9730349183082581,
        "Test_MSE": 0.25344058871269226
    },
    "BER": {
        "R2": 0.8971347212791443,
        "Test_MSE": 1.226932909048628e-06
    }
}