{
    "OSNR": {
        "R2": -5.841255187988281e-05,
        "Test_MSE": 8.692682266235352
    },
    "SNR": {
        "R2": -6.401538848876953e-05,
        "Test_MSE": 8.692743301391602
    },
    "BER": {
        "R2": -4.2557716369628906e-05,
        "Test_MSE": 9.90985154203372e-06
    }
}